id,split,diagnostic_type,diagnostic_subtype,source_mode
08111d57,sft_train,symbol_transform,ba_dc,real
0babcba2,grpo_holdout,symbol_transform,ba_dc,real
0e009c6d,sft_train,symbol_transform,ba_dc,real
0e2d6796,sft_train,symbol_transform,ba_dc,real
0e375364,sft_train,symbol_transform,ba_dc,real
12734c90,sft_train,symbol_transform,ba_dc,real
16cf827a,eval_holdout,symbol_transform,ba_dc,real
17d40290,grpo_holdout,symbol_transform,ba_dc,real
17d62f7a,eval_holdout,symbol_transform,ba_dc,real
1a28140b,sft_train,symbol_transform,ba_dc,real
226cbdf8,sft_train,symbol_transform,ba_dc,real
24750c4a,sft_train,symbol_transform,ba_dc,real
24b2d8eb,sft_train,symbol_transform,ba_dc,real
28827821,sft_train,symbol_transform,ba_dc,real
2d7edafd,eval_holdout,symbol_transform,ba_dc,real
2fc5ef5b,grpo_holdout,symbol_transform,ba_dc,real
321ef6ba,sft_train,symbol_transform,ba_dc,real
46c0e367,grpo_holdout,symbol_transform,ba_dc,real
52395e9a,sft_train,symbol_transform,ba_dc,real
60f55291,sft_train,symbol_transform,ba_dc,real
62fc7798,sft_train,symbol_transform,ba_dc,real
6848a4e8,sft_train,symbol_transform,ba_dc,real
6c7231ac,sft_train,symbol_transform,ba_dc,real
6dacf247,sft_train,symbol_transform,ba_dc,real
6e6c2ce8,sft_train,symbol_transform,ba_dc,real
7c6fce02,sft_train,symbol_transform,ba_dc,real
85dc976c,sft_train,symbol_transform,ba_dc,real
91a0e345,sft_train,symbol_transform,ba_dc,real
92135360,sft_train,symbol_transform,ba_dc,real
979071a0,sft_train,symbol_transform,ba_dc,real
9a19fc2d,sft_train,symbol_transform,ba_dc,real
9a4f2f47,sft_train,symbol_transform,ba_dc,real
9d20c8a7,sft_train,symbol_transform,ba_dc,real
9dae880f,sft_train,symbol_transform,ba_dc,real
a3da3c48,sft_train,symbol_transform,ba_dc,real
a88f9fe3,sft_train,symbol_transform,ba_dc,real
ae4aef23,sft_train,symbol_transform,ba_dc,real
af0e4262,sft_train,symbol_transform,ba_dc,real
af95c8aa,sft_train,symbol_transform,ba_dc,real
b391ffe1,sft_train,symbol_transform,ba_dc,real
b4b73143,grpo_holdout,symbol_transform,ba_dc,real
b4eab219,sft_train,symbol_transform,ba_dc,real
b56d38be,sft_train,symbol_transform,ba_dc,real
c87ce9ea,eval_holdout,symbol_transform,ba_dc,real
cca882b8,sft_train,symbol_transform,ba_dc,real
cef4c8a9,sft_train,symbol_transform,ba_dc,real
d3d30b86,sft_train,symbol_transform,ba_dc,real
da353dee,grpo_holdout,symbol_transform,ba_dc,real
dadc24d7,sft_train,symbol_transform,ba_dc,real
db4f43ef,sft_train,symbol_transform,ba_dc,real
dcb9e01d,eval_holdout,symbol_transform,ba_dc,real
e4aeed67,sft_train,symbol_transform,ba_dc,real
e82ed6be,sft_train,symbol_transform,ba_dc,real
e9f8559a,sft_train,symbol_transform,ba_dc,real
ea04ed35,sft_train,symbol_transform,ba_dc,real
efa7edc3,eval_holdout,symbol_transform,ba_dc,real
f01f112b,sft_train,symbol_transform,ba_dc,real
f297547e,sft_train,symbol_transform,ba_dc,real
ff86cd34,sft_train,symbol_transform,ba_dc,real
0133bcec,sft_train,symbol_transform,direct_template_template0134,real
02a04b59,sft_train,symbol_transform,direct_template_template0134,real
02b8d816,sft_train,symbol_transform,direct_template_template0134,real
065abaf6,sft_train,symbol_transform,direct_template_template3401,real
08f6216d,eval_holdout,symbol_transform,direct_template_template3401,real
0d4b2baa,sft_train,symbol_transform,direct_template_template0134,real
0dcfd566,eval_holdout,symbol_transform,direct_template_template0134,real
1c7a0091,grpo_holdout,symbol_transform,direct_template_template0134,real
1d10ccaf,sft_train,symbol_transform,direct_template_template0134,real
21b90d9f,sft_train,symbol_transform,direct_template_template0134,real
23b0eb54,eval_holdout,symbol_transform,direct_template_template0134,real
24e1f1d5,sft_train,symbol_transform,direct_template_template0134,real
2c017f70,sft_train,symbol_transform,direct_template_template0134,real
2f6531cb,sft_train,symbol_transform,direct_template_template0134,real
3185fdeb,sft_train,symbol_transform,direct_template_template0134,real
34b4cf96,sft_train,symbol_transform,direct_template_template0134,real
39a1f5e9,grpo_holdout,symbol_transform,direct_template_template3401,real
39c237c7,sft_train,symbol_transform,direct_template_template0134,real
524cb5c6,grpo_holdout,symbol_transform,direct_template_template0134,real
5bd9919c,sft_train,symbol_transform,direct_template_template0134,real
60ed3f31,sft_train,symbol_transform,direct_template_template0134,real
64d775e5,sft_train,symbol_transform,direct_template_template3401,real
6897f05e,sft_train,symbol_transform,direct_template_template0134,real
7d8f22b1,sft_train,symbol_transform,direct_template_template0134,real
7eecd498,sft_train,symbol_transform,direct_template_template0134,real
8043a9d2,sft_train,symbol_transform,direct_template_template3401,real
81b6d789,sft_train,symbol_transform,direct_template_template3401,real
85c5b2a2,sft_train,symbol_transform,direct_template_template0134,real
8dac3984,sft_train,symbol_transform,direct_template_template0134,real
8e56a42e,sft_train,symbol_transform,direct_template_template0134,real
97d6db7a,sft_train,symbol_transform,direct_template_template0134,real
9aa8dc92,sft_train,symbol_transform,direct_template_template0134,real
9cc02bc1,sft_train,symbol_transform,direct_template_template0134,real
9fc69c17,sft_train,symbol_transform,direct_template_template0134,real
a08fbb68,sft_train,symbol_transform,direct_template_template0134,real
a4ee9fa6,sft_train,symbol_transform,direct_template_template3401,real
a85864a9,sft_train,symbol_transform,direct_template_template0134,real
af018681,eval_holdout,symbol_transform,direct_template_template0134,real
b13d511a,grpo_holdout,symbol_transform,direct_template_template0134,real
b1b10e83,sft_train,symbol_transform,direct_template_template0134,real
b50cf853,sft_train,symbol_transform,direct_template_template0134,real
bc83b0a1,eval_holdout,symbol_transform,direct_template_template0134,real
bca230fd,sft_train,symbol_transform,direct_template_template0134,real
d0b1e41a,grpo_holdout,symbol_transform,direct_template_template0134,real
d63c1fb0,sft_train,symbol_transform,direct_template_template0134,real
d6c03e21,sft_train,symbol_transform,direct_template_template0134,real
d72d8c1c,sft_train,symbol_transform,direct_template_template0134,real
d7662688,sft_train,symbol_transform,direct_template_template3401,real
d9575f79,eval_holdout,symbol_transform,direct_template_template0134,real
d96607f8,sft_train,symbol_transform,direct_template_template0134,real
dac75343,sft_train,symbol_transform,direct_template_template0134,real
dc0f5e5e,sft_train,symbol_transform,direct_template_template0134,real
dea42835,sft_train,symbol_transform,direct_template_template3401,real
e585410a,sft_train,symbol_transform,direct_template_template0134,real
e977d0b7,grpo_holdout,symbol_transform,direct_template_template0134,real
eac0e775,sft_train,symbol_transform,direct_template_template3401,real
ed61a9d6,sft_train,symbol_transform,direct_template_template0134,real
f8bbabab,sft_train,symbol_transform,direct_template_template3401,real
ff0e37ae,sft_train,symbol_transform,direct_template_template0134,real
st_phase1_direct_contrast_0002,sft_train,symbol_transform,direct_template_template0134,phase1_synthetic_direct_template
st_phase1_direct_contrast_0007,sft_train,symbol_transform,direct_template_template0134,phase1_synthetic_direct_template
st_phase1_direct_contrast_0012,sft_train,symbol_transform,direct_template_template0134,phase1_synthetic_direct_template
st_phase1_direct_contrast_0013,sft_train,symbol_transform,direct_template_template0134,phase1_synthetic_direct_template
st_phase1_direct_contrast_0014,sft_train,symbol_transform,direct_template_template0134,phase1_synthetic_direct_template
st_phase1_direct_contrast_0021,grpo_holdout,symbol_transform,direct_template_template0134,phase1_synthetic_direct_template
st_phase1_direct_contrast_0022,sft_train,symbol_transform,direct_template_template0134,phase1_synthetic_direct_template
st_phase1_direct_contrast_0026,sft_train,symbol_transform,direct_template_template0134,phase1_synthetic_direct_template
st_phase1_direct_contrast_0039,grpo_holdout,symbol_transform,direct_template_template0134,phase1_synthetic_direct_template
st_phase1_direct_contrast_0043,sft_train,symbol_transform,direct_template_template0134,phase1_synthetic_direct_template
st_phase1_direct_contrast_0054,grpo_holdout,symbol_transform,direct_template_template0134,phase1_synthetic_direct_template
st_phase1_direct_contrast_0056,sft_train,symbol_transform,direct_template_template0134,phase1_synthetic_direct_template
st_phase1_direct_contrast_0060,eval_holdout,symbol_transform,direct_template_template0134,phase1_synthetic_direct_template
st_phase1_direct_contrast_0068,sft_train,symbol_transform,direct_template_template0134,phase1_synthetic_direct_template
st_phase1_direct_contrast_0078,sft_train,symbol_transform,direct_template_template0134,phase1_synthetic_direct_template
st_phase1_direct_contrast_0088,sft_train,symbol_transform,direct_template_template0134,phase1_synthetic_direct_template
st_phase1_direct_contrast_0090,sft_train,symbol_transform,direct_template_template0134,phase1_synthetic_direct_template
st_phase1_direct_contrast_0091,sft_train,symbol_transform,direct_template_template0134,phase1_synthetic_direct_template
st_phase1_direct_contrast_0096,sft_train,symbol_transform,direct_template_template0134,phase1_synthetic_direct_template
st_phase1_direct_contrast_0099,sft_train,symbol_transform,direct_template_template0134,phase1_synthetic_direct_template
st_phase1_direct_contrast_0103,eval_holdout,symbol_transform,direct_template_template0134,phase1_synthetic_direct_template
st_phase1_direct_contrast_0105,sft_train,symbol_transform,direct_template_template0134,phase1_synthetic_direct_template
st_phase1_direct_contrast_0123,sft_train,symbol_transform,direct_template_template0134,phase1_synthetic_direct_template
st_phase1_direct_contrast_0004,sft_train,symbol_transform,direct_template_template3401,phase1_synthetic_direct_template
st_phase1_direct_contrast_0006,sft_train,symbol_transform,direct_template_template3401,phase1_synthetic_direct_template
st_phase1_direct_contrast_0008,sft_train,symbol_transform,direct_template_template3401,phase1_synthetic_direct_template
st_phase1_direct_contrast_0009,eval_holdout,symbol_transform,direct_template_template3401,phase1_synthetic_direct_template
st_phase1_direct_contrast_0010,grpo_holdout,symbol_transform,direct_template_template3401,phase1_synthetic_direct_template
st_phase1_direct_contrast_0018,sft_train,symbol_transform,direct_template_template3401,phase1_synthetic_direct_template
st_phase1_direct_contrast_0020,sft_train,symbol_transform,direct_template_template3401,phase1_synthetic_direct_template
st_phase1_direct_contrast_0024,sft_train,symbol_transform,direct_template_template3401,phase1_synthetic_direct_template
st_phase1_direct_contrast_0025,eval_holdout,symbol_transform,direct_template_template3401,phase1_synthetic_direct_template
st_phase1_direct_contrast_0027,sft_train,symbol_transform,direct_template_template3401,phase1_synthetic_direct_template
st_phase1_direct_contrast_0028,sft_train,symbol_transform,direct_template_template3401,phase1_synthetic_direct_template
st_phase1_direct_contrast_0030,sft_train,symbol_transform,direct_template_template3401,phase1_synthetic_direct_template
st_phase1_direct_contrast_0033,sft_train,symbol_transform,direct_template_template3401,phase1_synthetic_direct_template
st_phase1_direct_contrast_0034,sft_train,symbol_transform,direct_template_template3401,phase1_synthetic_direct_template
st_phase1_direct_contrast_0036,sft_train,symbol_transform,direct_template_template3401,phase1_synthetic_direct_template
st_phase1_direct_contrast_0040,sft_train,symbol_transform,direct_template_template3401,phase1_synthetic_direct_template
st_phase1_direct_contrast_0045,sft_train,symbol_transform,direct_template_template3401,phase1_synthetic_direct_template
st_phase1_direct_contrast_0046,sft_train,symbol_transform,direct_template_template3401,phase1_synthetic_direct_template
st_phase1_direct_contrast_0051,sft_train,symbol_transform,direct_template_template3401,phase1_synthetic_direct_template
st_phase1_direct_contrast_0055,sft_train,symbol_transform,direct_template_template3401,phase1_synthetic_direct_template
st_phase1_direct_contrast_0057,sft_train,symbol_transform,direct_template_template3401,phase1_synthetic_direct_template
st_phase1_direct_contrast_0058,sft_train,symbol_transform,direct_template_template3401,phase1_synthetic_direct_template
st_phase1_direct_contrast_0062,sft_train,symbol_transform,direct_template_template3401,phase1_synthetic_direct_template
st_phase1_direct_contrast_0066,sft_train,symbol_transform,direct_template_template3401,phase1_synthetic_direct_template
st_phase1_direct_contrast_0070,eval_holdout,symbol_transform,direct_template_template3401,phase1_synthetic_direct_template
st_phase1_direct_contrast_0072,grpo_holdout,symbol_transform,direct_template_template3401,phase1_synthetic_direct_template
st_phase1_direct_contrast_0073,sft_train,symbol_transform,direct_template_template3401,phase1_synthetic_direct_template
st_phase1_direct_contrast_0074,sft_train,symbol_transform,direct_template_template3401,phase1_synthetic_direct_template
st_phase1_direct_contrast_0075,grpo_holdout,symbol_transform,direct_template_template3401,phase1_synthetic_direct_template
st_phase1_direct_contrast_0084,grpo_holdout,symbol_transform,direct_template_template3401,phase1_synthetic_direct_template
st_phase1_direct_contrast_0085,sft_train,symbol_transform,direct_template_template3401,phase1_synthetic_direct_template
st_phase1_direct_contrast_0087,sft_train,symbol_transform,direct_template_template3401,phase1_synthetic_direct_template
st_phase1_direct_contrast_0092,sft_train,symbol_transform,direct_template_template3401,phase1_synthetic_direct_template
st_phase1_direct_contrast_0094,sft_train,symbol_transform,direct_template_template3401,phase1_synthetic_direct_template
st_phase1_direct_contrast_0100,sft_train,symbol_transform,direct_template_template3401,phase1_synthetic_direct_template
st_phase1_direct_contrast_0104,eval_holdout,symbol_transform,direct_template_template3401,phase1_synthetic_direct_template
st_phase1_direct_contrast_0106,sft_train,symbol_transform,direct_template_template3401,phase1_synthetic_direct_template
st_phase1_direct_contrast_0109,sft_train,symbol_transform,direct_template_template3401,phase1_synthetic_direct_template
st_phase1_direct_contrast_0110,sft_train,symbol_transform,direct_template_template3401,phase1_synthetic_direct_template
st_phase1_direct_contrast_0112,grpo_holdout,symbol_transform,direct_template_template3401,phase1_synthetic_direct_template
st_phase1_direct_contrast_0114,sft_train,symbol_transform,direct_template_template3401,phase1_synthetic_direct_template
st_phase1_direct_contrast_0115,sft_train,symbol_transform,direct_template_template3401,phase1_synthetic_direct_template
st_phase1_direct_contrast_0116,eval_holdout,symbol_transform,direct_template_template3401,phase1_synthetic_direct_template
st_phase1_direct_contrast_0118,sft_train,symbol_transform,direct_template_template3401,phase1_synthetic_direct_template
st_phase1_direct_fresh_0028,sft_train,symbol_transform,direct_template_template0134,phase1_synthetic_direct_template
st_phase1_direct_fresh_0033,grpo_holdout,symbol_transform,direct_template_template0134,phase1_synthetic_direct_template
st_phase1_direct_fresh_0136,sft_train,symbol_transform,direct_template_template0134,phase1_synthetic_direct_template
st_phase1_direct_fresh_0153,eval_holdout,symbol_transform,direct_template_template0134,phase1_synthetic_direct_template
st_phase1_direct_fresh_0168,sft_train,symbol_transform,direct_template_template0134,phase1_synthetic_direct_template
st_phase1_direct_fresh_0204,sft_train,symbol_transform,direct_template_template0134,phase1_synthetic_direct_template
st_phase1_direct_fresh_0208,grpo_holdout,symbol_transform,direct_template_template0134,phase1_synthetic_direct_template
st_phase1_direct_fresh_0228,sft_train,symbol_transform,direct_template_template0134,phase1_synthetic_direct_template
st_phase1_direct_fresh_0004,grpo_holdout,symbol_transform,direct_template_template3401,phase1_synthetic_direct_template
st_phase1_direct_fresh_0016,sft_train,symbol_transform,direct_template_template3401,phase1_synthetic_direct_template
st_phase1_direct_fresh_0024,sft_train,symbol_transform,direct_template_template3401,phase1_synthetic_direct_template
st_phase1_direct_fresh_0040,sft_train,symbol_transform,direct_template_template3401,phase1_synthetic_direct_template
st_phase1_direct_fresh_0057,grpo_holdout,symbol_transform,direct_template_template3401,phase1_synthetic_direct_template
st_phase1_direct_fresh_0072,sft_train,symbol_transform,direct_template_template3401,phase1_synthetic_direct_template
st_phase1_direct_fresh_0076,sft_train,symbol_transform,direct_template_template3401,phase1_synthetic_direct_template
st_phase1_direct_fresh_0081,eval_holdout,symbol_transform,direct_template_template3401,phase1_synthetic_direct_template
st_phase1_direct_fresh_0084,sft_train,symbol_transform,direct_template_template3401,phase1_synthetic_direct_template
st_phase1_direct_fresh_0088,sft_train,symbol_transform,direct_template_template3401,phase1_synthetic_direct_template
st_phase1_direct_fresh_0093,sft_train,symbol_transform,direct_template_template3401,phase1_synthetic_direct_template
st_phase1_direct_fresh_0105,sft_train,symbol_transform,direct_template_template3401,phase1_synthetic_direct_template
st_phase1_direct_fresh_0112,sft_train,symbol_transform,direct_template_template3401,phase1_synthetic_direct_template
st_phase1_direct_fresh_0117,sft_train,symbol_transform,direct_template_template3401,phase1_synthetic_direct_template
st_phase1_direct_fresh_0124,grpo_holdout,symbol_transform,direct_template_template3401,phase1_synthetic_direct_template
st_phase1_direct_fresh_0132,sft_train,symbol_transform,direct_template_template3401,phase1_synthetic_direct_template
st_phase1_direct_fresh_0144,grpo_holdout,symbol_transform,direct_template_template3401,phase1_synthetic_direct_template
st_phase1_direct_fresh_0148,sft_train,symbol_transform,direct_template_template3401,phase1_synthetic_direct_template
st_phase1_direct_fresh_0156,sft_train,symbol_transform,direct_template_template3401,phase1_synthetic_direct_template
st_phase1_direct_fresh_0160,sft_train,symbol_transform,direct_template_template3401,phase1_synthetic_direct_template
st_phase1_direct_fresh_0172,sft_train,symbol_transform,direct_template_template3401,phase1_synthetic_direct_template
st_phase1_direct_fresh_0192,sft_train,symbol_transform,direct_template_template3401,phase1_synthetic_direct_template
st_phase1_direct_fresh_0213,sft_train,symbol_transform,direct_template_template3401,phase1_synthetic_direct_template
st_phase1_direct_fresh_0220,sft_train,symbol_transform,direct_template_template3401,phase1_synthetic_direct_template
st_phase1_direct_fresh_0225,sft_train,symbol_transform,direct_template_template3401,phase1_synthetic_direct_template
st_phase1_direct_real_remap_0133bcec_00,sft_train,symbol_transform,direct_template_template0134,phase1_synthetic_direct_template
st_phase1_direct_real_remap_0133bcec_01,sft_train,symbol_transform,direct_template_template0134,phase1_synthetic_direct_template
st_phase1_direct_real_remap_0133bcec_02,sft_train,symbol_transform,direct_template_template0134,phase1_synthetic_direct_template
st_phase1_direct_real_remap_02a04b59_00,sft_train,symbol_transform,direct_template_template0134,phase1_synthetic_direct_template
st_phase1_direct_real_remap_02a04b59_01,eval_holdout,symbol_transform,direct_template_template0134,phase1_synthetic_direct_template
st_phase1_direct_real_remap_02a04b59_02,sft_train,symbol_transform,direct_template_template0134,phase1_synthetic_direct_template
st_phase1_direct_real_remap_02b8d816_02,grpo_holdout,symbol_transform,direct_template_template0134,phase1_synthetic_direct_template
st_phase1_direct_real_remap_0d4b2baa_00,sft_train,symbol_transform,direct_template_template0134,phase1_synthetic_direct_template
st_phase1_direct_real_remap_0d4b2baa_02,sft_train,symbol_transform,direct_template_template0134,phase1_synthetic_direct_template
st_phase1_direct_real_remap_0dcfd566_00,sft_train,symbol_transform,direct_template_template0134,phase1_synthetic_direct_template
st_phase1_direct_real_remap_0dcfd566_01,sft_train,symbol_transform,direct_template_template0134,phase1_synthetic_direct_template
st_phase1_direct_real_remap_0dcfd566_02,sft_train,symbol_transform,direct_template_template0134,phase1_synthetic_direct_template
st_phase1_direct_real_remap_1c7a0091_00,sft_train,symbol_transform,direct_template_template0134,phase1_synthetic_direct_template
st_phase1_direct_real_remap_1c7a0091_01,sft_train,symbol_transform,direct_template_template0134,phase1_synthetic_direct_template
st_phase1_direct_real_remap_1c7a0091_02,eval_holdout,symbol_transform,direct_template_template0134,phase1_synthetic_direct_template
st_phase1_direct_real_remap_1d10ccaf_02,eval_holdout,symbol_transform,direct_template_template0134,phase1_synthetic_direct_template
st_phase1_direct_real_remap_21b90d9f_00,eval_holdout,symbol_transform,direct_template_template0134,phase1_synthetic_direct_template
st_phase1_direct_real_remap_21b90d9f_01,eval_holdout,symbol_transform,direct_template_template0134,phase1_synthetic_direct_template
st_phase1_direct_real_remap_24e1f1d5_00,sft_train,symbol_transform,direct_template_template0134,phase1_synthetic_direct_template
st_phase1_direct_real_remap_24e1f1d5_01,sft_train,symbol_transform,direct_template_template0134,phase1_synthetic_direct_template
st_phase1_direct_real_remap_24e1f1d5_02,sft_train,symbol_transform,direct_template_template0134,phase1_synthetic_direct_template
st_phase1_direct_real_remap_2c017f70_01,sft_train,symbol_transform,direct_template_template0134,phase1_synthetic_direct_template
st_phase1_direct_real_remap_2c017f70_02,sft_train,symbol_transform,direct_template_template0134,phase1_synthetic_direct_template
st_phase1_direct_real_remap_2f6531cb_00,sft_train,symbol_transform,direct_template_template0134,phase1_synthetic_direct_template
st_phase1_direct_real_remap_2f6531cb_01,sft_train,symbol_transform,direct_template_template0134,phase1_synthetic_direct_template
st_phase1_direct_real_remap_3185fdeb_01,sft_train,symbol_transform,direct_template_template0134,phase1_synthetic_direct_template
st_phase1_direct_real_remap_3185fdeb_02,sft_train,symbol_transform,direct_template_template0134,phase1_synthetic_direct_template
st_phase1_direct_real_remap_34b4cf96_00,eval_holdout,symbol_transform,direct_template_template0134,phase1_synthetic_direct_template
st_phase1_direct_real_remap_34b4cf96_02,sft_train,symbol_transform,direct_template_template0134,phase1_synthetic_direct_template
st_phase1_direct_real_remap_39c237c7_00,sft_train,symbol_transform,direct_template_template0134,phase1_synthetic_direct_template
st_phase1_direct_real_remap_39c237c7_01,sft_train,symbol_transform,direct_template_template0134,phase1_synthetic_direct_template
st_phase1_direct_real_remap_39c237c7_02,sft_train,symbol_transform,direct_template_template0134,phase1_synthetic_direct_template
st_phase1_direct_real_remap_524cb5c6_01,sft_train,symbol_transform,direct_template_template0134,phase1_synthetic_direct_template
st_phase1_direct_real_remap_5bd9919c_00,sft_train,symbol_transform,direct_template_template0134,phase1_synthetic_direct_template
st_phase1_direct_real_remap_5bd9919c_01,sft_train,symbol_transform,direct_template_template0134,phase1_synthetic_direct_template
st_phase1_direct_real_remap_5bd9919c_02,sft_train,symbol_transform,direct_template_template0134,phase1_synthetic_direct_template
st_phase1_direct_real_remap_60ed3f31_01,sft_train,symbol_transform,direct_template_template0134,phase1_synthetic_direct_template
st_phase1_direct_real_remap_60ed3f31_02,sft_train,symbol_transform,direct_template_template0134,phase1_synthetic_direct_template
st_phase1_direct_real_remap_6897f05e_00,sft_train,symbol_transform,direct_template_template0134,phase1_synthetic_direct_template
st_phase1_direct_real_remap_7d8f22b1_01,sft_train,symbol_transform,direct_template_template0134,phase1_synthetic_direct_template
st_phase1_direct_real_remap_7eecd498_02,sft_train,symbol_transform,direct_template_template0134,phase1_synthetic_direct_template
st_phase1_direct_real_remap_85c5b2a2_01,sft_train,symbol_transform,direct_template_template0134,phase1_synthetic_direct_template
st_phase1_direct_real_remap_85c5b2a2_02,grpo_holdout,symbol_transform,direct_template_template0134,phase1_synthetic_direct_template
st_phase1_direct_real_remap_8dac3984_00,sft_train,symbol_transform,direct_template_template0134,phase1_synthetic_direct_template
st_phase1_direct_real_remap_8dac3984_02,sft_train,symbol_transform,direct_template_template0134,phase1_synthetic_direct_template
st_phase1_direct_real_remap_97d6db7a_00,sft_train,symbol_transform,direct_template_template0134,phase1_synthetic_direct_template
st_phase1_direct_real_remap_9aa8dc92_00,sft_train,symbol_transform,direct_template_template0134,phase1_synthetic_direct_template
st_phase1_direct_real_remap_9cc02bc1_00,sft_train,symbol_transform,direct_template_template0134,phase1_synthetic_direct_template
st_phase1_direct_real_remap_9cc02bc1_01,sft_train,symbol_transform,direct_template_template0134,phase1_synthetic_direct_template
st_phase1_direct_real_remap_9cc02bc1_02,sft_train,symbol_transform,direct_template_template0134,phase1_synthetic_direct_template
st_phase1_direct_real_remap_9fc69c17_00,eval_holdout,symbol_transform,direct_template_template0134,phase1_synthetic_direct_template
st_phase1_direct_real_remap_9fc69c17_01,sft_train,symbol_transform,direct_template_template0134,phase1_synthetic_direct_template
st_phase1_direct_real_remap_9fc69c17_02,sft_train,symbol_transform,direct_template_template0134,phase1_synthetic_direct_template
st_phase1_direct_real_remap_a08fbb68_00,grpo_holdout,symbol_transform,direct_template_template0134,phase1_synthetic_direct_template
st_phase1_direct_real_remap_a08fbb68_02,eval_holdout,symbol_transform,direct_template_template0134,phase1_synthetic_direct_template
st_phase1_direct_real_remap_a85864a9_00,sft_train,symbol_transform,direct_template_template0134,phase1_synthetic_direct_template
st_phase1_direct_real_remap_a85864a9_01,sft_train,symbol_transform,direct_template_template0134,phase1_synthetic_direct_template
st_phase1_direct_real_remap_af018681_02,sft_train,symbol_transform,direct_template_template0134,phase1_synthetic_direct_template
st_phase1_direct_real_remap_b13d511a_01,sft_train,symbol_transform,direct_template_template0134,phase1_synthetic_direct_template
st_phase1_direct_real_remap_b13d511a_02,grpo_holdout,symbol_transform,direct_template_template0134,phase1_synthetic_direct_template
st_phase1_direct_real_remap_b1b10e83_00,sft_train,symbol_transform,direct_template_template0134,phase1_synthetic_direct_template
st_phase1_direct_real_remap_b1b10e83_01,grpo_holdout,symbol_transform,direct_template_template0134,phase1_synthetic_direct_template
st_phase1_direct_real_remap_b1b10e83_02,sft_train,symbol_transform,direct_template_template0134,phase1_synthetic_direct_template
st_phase1_direct_real_remap_b50cf853_00,sft_train,symbol_transform,direct_template_template0134,phase1_synthetic_direct_template
st_phase1_direct_real_remap_b50cf853_01,sft_train,symbol_transform,direct_template_template0134,phase1_synthetic_direct_template
st_phase1_direct_real_remap_bc83b0a1_00,sft_train,symbol_transform,direct_template_template0134,phase1_synthetic_direct_template
st_phase1_direct_real_remap_bc83b0a1_01,sft_train,symbol_transform,direct_template_template0134,phase1_synthetic_direct_template
st_phase1_direct_real_remap_bc83b0a1_02,grpo_holdout,symbol_transform,direct_template_template0134,phase1_synthetic_direct_template
st_phase1_direct_real_remap_bca230fd_00,sft_train,symbol_transform,direct_template_template0134,phase1_synthetic_direct_template
st_phase1_direct_real_remap_bca230fd_02,sft_train,symbol_transform,direct_template_template0134,phase1_synthetic_direct_template
st_phase1_direct_real_remap_d63c1fb0_00,sft_train,symbol_transform,direct_template_template0134,phase1_synthetic_direct_template
st_phase1_direct_real_remap_d63c1fb0_01,sft_train,symbol_transform,direct_template_template0134,phase1_synthetic_direct_template
st_phase1_direct_real_remap_d63c1fb0_02,sft_train,symbol_transform,direct_template_template0134,phase1_synthetic_direct_template
st_phase1_direct_real_remap_d6c03e21_00,sft_train,symbol_transform,direct_template_template0134,phase1_synthetic_direct_template
st_phase1_direct_real_remap_d6c03e21_01,sft_train,symbol_transform,direct_template_template0134,phase1_synthetic_direct_template
st_phase1_direct_real_remap_d6c03e21_02,eval_holdout,symbol_transform,direct_template_template0134,phase1_synthetic_direct_template
st_phase1_direct_real_remap_d72d8c1c_00,sft_train,symbol_transform,direct_template_template0134,phase1_synthetic_direct_template
st_phase1_direct_real_remap_d72d8c1c_02,sft_train,symbol_transform,direct_template_template0134,phase1_synthetic_direct_template
st_phase1_direct_real_remap_d9575f79_00,grpo_holdout,symbol_transform,direct_template_template0134,phase1_synthetic_direct_template
st_phase1_direct_real_remap_d9575f79_01,eval_holdout,symbol_transform,direct_template_template0134,phase1_synthetic_direct_template
st_phase1_direct_real_remap_d96607f8_00,sft_train,symbol_transform,direct_template_template0134,phase1_synthetic_direct_template
st_phase1_direct_real_remap_d96607f8_02,sft_train,symbol_transform,direct_template_template0134,phase1_synthetic_direct_template
st_phase1_direct_real_remap_dac75343_00,sft_train,symbol_transform,direct_template_template0134,phase1_synthetic_direct_template
st_phase1_direct_real_remap_dac75343_01,sft_train,symbol_transform,direct_template_template0134,phase1_synthetic_direct_template
st_phase1_direct_real_remap_dac75343_02,sft_train,symbol_transform,direct_template_template0134,phase1_synthetic_direct_template
st_phase1_direct_real_remap_dc0f5e5e_00,sft_train,symbol_transform,direct_template_template0134,phase1_synthetic_direct_template
st_phase1_direct_real_remap_dc0f5e5e_01,sft_train,symbol_transform,direct_template_template0134,phase1_synthetic_direct_template
st_phase1_direct_real_remap_e585410a_00,sft_train,symbol_transform,direct_template_template0134,phase1_synthetic_direct_template
st_phase1_direct_real_remap_e585410a_02,sft_train,symbol_transform,direct_template_template0134,phase1_synthetic_direct_template
st_phase1_direct_real_remap_e977d0b7_00,grpo_holdout,symbol_transform,direct_template_template0134,phase1_synthetic_direct_template
st_phase1_direct_real_remap_e977d0b7_02,sft_train,symbol_transform,direct_template_template0134,phase1_synthetic_direct_template
st_phase1_direct_real_remap_ed61a9d6_00,sft_train,symbol_transform,direct_template_template0134,phase1_synthetic_direct_template
st_phase1_direct_real_remap_ed61a9d6_01,sft_train,symbol_transform,direct_template_template0134,phase1_synthetic_direct_template
st_phase1_direct_real_remap_ed61a9d6_02,sft_train,symbol_transform,direct_template_template0134,phase1_synthetic_direct_template
st_phase1_direct_real_remap_ff0e37ae_00,sft_train,symbol_transform,direct_template_template0134,phase1_synthetic_direct_template
st_phase1_direct_real_remap_ff0e37ae_01,sft_train,symbol_transform,direct_template_template0134,phase1_synthetic_direct_template
st_phase1_direct_real_remap_ff0e37ae_02,sft_train,symbol_transform,direct_template_template0134,phase1_synthetic_direct_template
st_phase1_direct_real_remap_065abaf6_00,sft_train,symbol_transform,direct_template_template3401,phase1_synthetic_direct_template
st_phase1_direct_real_remap_08f6216d_01,sft_train,symbol_transform,direct_template_template3401,phase1_synthetic_direct_template
st_phase1_direct_real_remap_08f6216d_02,sft_train,symbol_transform,direct_template_template3401,phase1_synthetic_direct_template
st_phase1_direct_real_remap_39a1f5e9_02,sft_train,symbol_transform,direct_template_template3401,phase1_synthetic_direct_template
st_phase1_direct_real_remap_64d775e5_00,eval_holdout,symbol_transform,direct_template_template3401,phase1_synthetic_direct_template
st_phase1_direct_real_remap_64d775e5_01,sft_train,symbol_transform,direct_template_template3401,phase1_synthetic_direct_template
st_phase1_direct_real_remap_8043a9d2_00,sft_train,symbol_transform,direct_template_template3401,phase1_synthetic_direct_template
st_phase1_direct_real_remap_8043a9d2_02,sft_train,symbol_transform,direct_template_template3401,phase1_synthetic_direct_template
st_phase1_direct_real_remap_81b6d789_00,sft_train,symbol_transform,direct_template_template3401,phase1_synthetic_direct_template
st_phase1_direct_real_remap_81b6d789_01,sft_train,symbol_transform,direct_template_template3401,phase1_synthetic_direct_template
st_phase1_direct_real_remap_a4ee9fa6_00,sft_train,symbol_transform,direct_template_template3401,phase1_synthetic_direct_template
st_phase1_direct_real_remap_a4ee9fa6_01,sft_train,symbol_transform,direct_template_template3401,phase1_synthetic_direct_template
st_phase1_direct_real_remap_d7662688_01,eval_holdout,symbol_transform,direct_template_template3401,phase1_synthetic_direct_template
st_phase1_direct_real_remap_d7662688_02,sft_train,symbol_transform,direct_template_template3401,phase1_synthetic_direct_template
st_phase1_direct_real_remap_dea42835_00,sft_train,symbol_transform,direct_template_template3401,phase1_synthetic_direct_template
st_phase1_direct_real_remap_eac0e775_00,eval_holdout,symbol_transform,direct_template_template3401,phase1_synthetic_direct_template
st_phase1_direct_real_remap_eac0e775_01,sft_train,symbol_transform,direct_template_template3401,phase1_synthetic_direct_template
st_phase1_direct_real_remap_f8bbabab_00,sft_train,symbol_transform,direct_template_template3401,phase1_synthetic_direct_template
st_phase1_direct_real_remap_f8bbabab_01,sft_train,symbol_transform,direct_template_template3401,phase1_synthetic_direct_template
st_single_phase_direct_template_0134_0000,sft_train,symbol_transform,direct_template_template0134,single_phase_synthetic_direct_template
st_single_phase_direct_template_0134_0001,sft_train,symbol_transform,direct_template_template0134,single_phase_synthetic_direct_template
st_single_phase_direct_template_0134_0002,sft_train,symbol_transform,direct_template_template0134,single_phase_synthetic_direct_template
st_single_phase_direct_template_0134_0003,sft_train,symbol_transform,direct_template_template0134,single_phase_synthetic_direct_template
st_single_phase_direct_template_0134_0004,sft_train,symbol_transform,direct_template_template0134,single_phase_synthetic_direct_template
st_single_phase_direct_template_0134_0005,sft_train,symbol_transform,direct_template_template0134,single_phase_synthetic_direct_template
st_single_phase_direct_template_0134_0006,sft_train,symbol_transform,direct_template_template0134,single_phase_synthetic_direct_template
st_single_phase_direct_template_0134_0007,sft_train,symbol_transform,direct_template_template0134,single_phase_synthetic_direct_template
st_single_phase_direct_template_0134_0008,sft_train,symbol_transform,direct_template_template0134,single_phase_synthetic_direct_template
st_single_phase_direct_template_0134_0009,sft_train,symbol_transform,direct_template_template0134,single_phase_synthetic_direct_template
st_single_phase_direct_template_0134_0010,sft_train,symbol_transform,direct_template_template0134,single_phase_synthetic_direct_template
st_single_phase_direct_template_0134_0011,sft_train,symbol_transform,direct_template_template0134,single_phase_synthetic_direct_template
st_single_phase_direct_template_0134_0012,sft_train,symbol_transform,direct_template_template0134,single_phase_synthetic_direct_template
st_single_phase_direct_template_0134_0013,eval_holdout,symbol_transform,direct_template_template0134,single_phase_synthetic_direct_template
st_single_phase_direct_template_0134_0014,sft_train,symbol_transform,direct_template_template0134,single_phase_synthetic_direct_template
st_single_phase_direct_template_0134_0015,eval_holdout,symbol_transform,direct_template_template0134,single_phase_synthetic_direct_template
st_single_phase_direct_template_0134_0016,sft_train,symbol_transform,direct_template_template0134,single_phase_synthetic_direct_template
st_single_phase_direct_template_0134_0017,sft_train,symbol_transform,direct_template_template0134,single_phase_synthetic_direct_template
st_single_phase_direct_template_0134_0018,sft_train,symbol_transform,direct_template_template0134,single_phase_synthetic_direct_template
st_single_phase_direct_template_0134_0019,eval_holdout,symbol_transform,direct_template_template0134,single_phase_synthetic_direct_template
st_single_phase_direct_template_0134_0020,sft_train,symbol_transform,direct_template_template0134,single_phase_synthetic_direct_template
st_single_phase_direct_template_0134_0021,sft_train,symbol_transform,direct_template_template0134,single_phase_synthetic_direct_template
st_single_phase_direct_template_0134_0022,sft_train,symbol_transform,direct_template_template0134,single_phase_synthetic_direct_template
st_single_phase_direct_template_0134_0023,sft_train,symbol_transform,direct_template_template0134,single_phase_synthetic_direct_template
st_single_phase_direct_template_0134_0024,grpo_holdout,symbol_transform,direct_template_template0134,single_phase_synthetic_direct_template
st_single_phase_direct_template_0134_0025,eval_holdout,symbol_transform,direct_template_template0134,single_phase_synthetic_direct_template
st_single_phase_direct_template_0134_0026,sft_train,symbol_transform,direct_template_template0134,single_phase_synthetic_direct_template
st_single_phase_direct_template_0134_0027,eval_holdout,symbol_transform,direct_template_template0134,single_phase_synthetic_direct_template
st_single_phase_direct_template_0134_0028,sft_train,symbol_transform,direct_template_template0134,single_phase_synthetic_direct_template
st_single_phase_direct_template_0134_0029,sft_train,symbol_transform,direct_template_template0134,single_phase_synthetic_direct_template
st_single_phase_direct_template_0134_0030,sft_train,symbol_transform,direct_template_template0134,single_phase_synthetic_direct_template
st_single_phase_direct_template_0134_0031,sft_train,symbol_transform,direct_template_template0134,single_phase_synthetic_direct_template
st_single_phase_direct_template_0134_0032,sft_train,symbol_transform,direct_template_template0134,single_phase_synthetic_direct_template
st_single_phase_direct_template_0134_0033,grpo_holdout,symbol_transform,direct_template_template0134,single_phase_synthetic_direct_template
st_single_phase_direct_template_0134_0034,sft_train,symbol_transform,direct_template_template0134,single_phase_synthetic_direct_template
st_single_phase_direct_template_0134_0035,eval_holdout,symbol_transform,direct_template_template0134,single_phase_synthetic_direct_template
st_single_phase_direct_template_0134_0036,sft_train,symbol_transform,direct_template_template0134,single_phase_synthetic_direct_template
st_single_phase_direct_template_0134_0037,sft_train,symbol_transform,direct_template_template0134,single_phase_synthetic_direct_template
st_single_phase_direct_template_0134_0038,sft_train,symbol_transform,direct_template_template0134,single_phase_synthetic_direct_template
st_single_phase_direct_template_0134_0039,sft_train,symbol_transform,direct_template_template0134,single_phase_synthetic_direct_template
st_single_phase_direct_template_0134_0040,sft_train,symbol_transform,direct_template_template0134,single_phase_synthetic_direct_template
st_single_phase_direct_template_0134_0041,sft_train,symbol_transform,direct_template_template0134,single_phase_synthetic_direct_template
st_single_phase_direct_template_0134_0042,sft_train,symbol_transform,direct_template_template0134,single_phase_synthetic_direct_template
st_single_phase_direct_template_0134_0043,sft_train,symbol_transform,direct_template_template0134,single_phase_synthetic_direct_template
st_single_phase_direct_template_0134_0044,sft_train,symbol_transform,direct_template_template0134,single_phase_synthetic_direct_template
st_single_phase_direct_template_0134_0045,sft_train,symbol_transform,direct_template_template0134,single_phase_synthetic_direct_template
st_single_phase_direct_template_0134_0046,eval_holdout,symbol_transform,direct_template_template0134,single_phase_synthetic_direct_template
st_single_phase_direct_template_0134_0047,sft_train,symbol_transform,direct_template_template0134,single_phase_synthetic_direct_template
st_single_phase_direct_template_0134_0048,grpo_holdout,symbol_transform,direct_template_template0134,single_phase_synthetic_direct_template
st_single_phase_direct_template_0134_0049,eval_holdout,symbol_transform,direct_template_template0134,single_phase_synthetic_direct_template
st_single_phase_direct_template_0134_0050,sft_train,symbol_transform,direct_template_template0134,single_phase_synthetic_direct_template
st_single_phase_direct_template_0134_0051,sft_train,symbol_transform,direct_template_template0134,single_phase_synthetic_direct_template
st_single_phase_direct_template_0134_0052,sft_train,symbol_transform,direct_template_template0134,single_phase_synthetic_direct_template
st_single_phase_direct_template_0134_0053,sft_train,symbol_transform,direct_template_template0134,single_phase_synthetic_direct_template
st_single_phase_direct_template_0134_0054,grpo_holdout,symbol_transform,direct_template_template0134,single_phase_synthetic_direct_template
st_single_phase_direct_template_0134_0055,sft_train,symbol_transform,direct_template_template0134,single_phase_synthetic_direct_template
st_single_phase_direct_template_0134_0056,sft_train,symbol_transform,direct_template_template0134,single_phase_synthetic_direct_template
st_single_phase_direct_template_0134_0057,sft_train,symbol_transform,direct_template_template0134,single_phase_synthetic_direct_template
st_single_phase_direct_template_0134_0058,sft_train,symbol_transform,direct_template_template0134,single_phase_synthetic_direct_template
st_single_phase_direct_template_0134_0059,sft_train,symbol_transform,direct_template_template0134,single_phase_synthetic_direct_template
st_single_phase_direct_template_0134_0060,sft_train,symbol_transform,direct_template_template0134,single_phase_synthetic_direct_template
st_single_phase_direct_template_0134_0061,sft_train,symbol_transform,direct_template_template0134,single_phase_synthetic_direct_template
st_single_phase_direct_template_0134_0062,grpo_holdout,symbol_transform,direct_template_template0134,single_phase_synthetic_direct_template
st_single_phase_direct_template_0134_0063,eval_holdout,symbol_transform,direct_template_template0134,single_phase_synthetic_direct_template
st_single_phase_direct_template_0134_0064,sft_train,symbol_transform,direct_template_template0134,single_phase_synthetic_direct_template
st_single_phase_direct_template_0134_0065,sft_train,symbol_transform,direct_template_template0134,single_phase_synthetic_direct_template
st_single_phase_direct_template_0134_0066,sft_train,symbol_transform,direct_template_template0134,single_phase_synthetic_direct_template
st_single_phase_direct_template_0134_0067,sft_train,symbol_transform,direct_template_template0134,single_phase_synthetic_direct_template
st_single_phase_direct_template_0134_0068,sft_train,symbol_transform,direct_template_template0134,single_phase_synthetic_direct_template
st_single_phase_direct_template_0134_0069,sft_train,symbol_transform,direct_template_template0134,single_phase_synthetic_direct_template
st_single_phase_direct_template_0134_0070,sft_train,symbol_transform,direct_template_template0134,single_phase_synthetic_direct_template
st_single_phase_direct_template_0134_0071,eval_holdout,symbol_transform,direct_template_template0134,single_phase_synthetic_direct_template
st_single_phase_direct_template_0134_0072,sft_train,symbol_transform,direct_template_template0134,single_phase_synthetic_direct_template
st_single_phase_direct_template_0134_0073,sft_train,symbol_transform,direct_template_template0134,single_phase_synthetic_direct_template
st_single_phase_direct_template_0134_0074,sft_train,symbol_transform,direct_template_template0134,single_phase_synthetic_direct_template
st_single_phase_direct_template_0134_0075,sft_train,symbol_transform,direct_template_template0134,single_phase_synthetic_direct_template
st_single_phase_direct_template_0134_0076,sft_train,symbol_transform,direct_template_template0134,single_phase_synthetic_direct_template
st_single_phase_direct_template_0134_0077,sft_train,symbol_transform,direct_template_template0134,single_phase_synthetic_direct_template
st_single_phase_direct_template_0134_0078,sft_train,symbol_transform,direct_template_template0134,single_phase_synthetic_direct_template
st_single_phase_direct_template_0134_0079,sft_train,symbol_transform,direct_template_template0134,single_phase_synthetic_direct_template
st_single_phase_direct_template_0134_0080,sft_train,symbol_transform,direct_template_template0134,single_phase_synthetic_direct_template
st_single_phase_direct_template_0134_0081,sft_train,symbol_transform,direct_template_template0134,single_phase_synthetic_direct_template
st_single_phase_direct_template_0134_0082,sft_train,symbol_transform,direct_template_template0134,single_phase_synthetic_direct_template
st_single_phase_direct_template_0134_0083,sft_train,symbol_transform,direct_template_template0134,single_phase_synthetic_direct_template
st_single_phase_direct_template_0134_0084,sft_train,symbol_transform,direct_template_template0134,single_phase_synthetic_direct_template
st_single_phase_direct_template_0134_0085,sft_train,symbol_transform,direct_template_template0134,single_phase_synthetic_direct_template
st_single_phase_direct_template_0134_0086,eval_holdout,symbol_transform,direct_template_template0134,single_phase_synthetic_direct_template
st_single_phase_direct_template_0134_0087,sft_train,symbol_transform,direct_template_template0134,single_phase_synthetic_direct_template
st_single_phase_direct_template_0134_0088,sft_train,symbol_transform,direct_template_template0134,single_phase_synthetic_direct_template
st_single_phase_direct_template_0134_0089,sft_train,symbol_transform,direct_template_template0134,single_phase_synthetic_direct_template
st_single_phase_direct_template_0134_0090,grpo_holdout,symbol_transform,direct_template_template0134,single_phase_synthetic_direct_template
st_single_phase_direct_template_0134_0091,sft_train,symbol_transform,direct_template_template0134,single_phase_synthetic_direct_template
st_single_phase_direct_template_0134_0092,sft_train,symbol_transform,direct_template_template0134,single_phase_synthetic_direct_template
st_single_phase_direct_template_0134_0093,sft_train,symbol_transform,direct_template_template0134,single_phase_synthetic_direct_template
st_single_phase_direct_template_0134_0094,sft_train,symbol_transform,direct_template_template0134,single_phase_synthetic_direct_template
st_single_phase_direct_template_0134_0095,sft_train,symbol_transform,direct_template_template0134,single_phase_synthetic_direct_template
st_single_phase_direct_template_0134_0096,sft_train,symbol_transform,direct_template_template0134,single_phase_synthetic_direct_template
st_single_phase_direct_template_0134_0097,sft_train,symbol_transform,direct_template_template0134,single_phase_synthetic_direct_template
st_single_phase_direct_template_0134_0098,sft_train,symbol_transform,direct_template_template0134,single_phase_synthetic_direct_template
st_single_phase_direct_template_0134_0099,sft_train,symbol_transform,direct_template_template0134,single_phase_synthetic_direct_template
st_single_phase_direct_template_0134_0100,sft_train,symbol_transform,direct_template_template0134,single_phase_synthetic_direct_template
st_single_phase_direct_template_0134_0101,sft_train,symbol_transform,direct_template_template0134,single_phase_synthetic_direct_template
st_single_phase_direct_template_0134_0102,sft_train,symbol_transform,direct_template_template0134,single_phase_synthetic_direct_template
st_single_phase_direct_template_0134_0103,eval_holdout,symbol_transform,direct_template_template0134,single_phase_synthetic_direct_template
st_single_phase_direct_template_0134_0104,grpo_holdout,symbol_transform,direct_template_template0134,single_phase_synthetic_direct_template
st_single_phase_direct_template_0134_0105,grpo_holdout,symbol_transform,direct_template_template0134,single_phase_synthetic_direct_template
st_single_phase_direct_template_0134_0106,sft_train,symbol_transform,direct_template_template0134,single_phase_synthetic_direct_template
st_single_phase_direct_template_0134_0107,sft_train,symbol_transform,direct_template_template0134,single_phase_synthetic_direct_template
st_single_phase_direct_template_0134_0108,grpo_holdout,symbol_transform,direct_template_template0134,single_phase_synthetic_direct_template
st_single_phase_direct_template_0134_0109,sft_train,symbol_transform,direct_template_template0134,single_phase_synthetic_direct_template
st_single_phase_direct_template_0134_0110,grpo_holdout,symbol_transform,direct_template_template0134,single_phase_synthetic_direct_template
st_single_phase_direct_template_0134_0111,sft_train,symbol_transform,direct_template_template0134,single_phase_synthetic_direct_template
st_single_phase_direct_template_0134_0112,sft_train,symbol_transform,direct_template_template0134,single_phase_synthetic_direct_template
st_single_phase_direct_template_0134_0113,sft_train,symbol_transform,direct_template_template0134,single_phase_synthetic_direct_template
st_single_phase_direct_template_0134_0114,eval_holdout,symbol_transform,direct_template_template0134,single_phase_synthetic_direct_template
st_single_phase_direct_template_0134_0115,sft_train,symbol_transform,direct_template_template0134,single_phase_synthetic_direct_template
st_single_phase_direct_template_0134_0116,sft_train,symbol_transform,direct_template_template0134,single_phase_synthetic_direct_template
st_single_phase_direct_template_0134_0117,sft_train,symbol_transform,direct_template_template0134,single_phase_synthetic_direct_template
st_single_phase_direct_template_0134_0118,eval_holdout,symbol_transform,direct_template_template0134,single_phase_synthetic_direct_template
st_single_phase_direct_template_0134_0119,grpo_holdout,symbol_transform,direct_template_template0134,single_phase_synthetic_direct_template
st_single_phase_direct_template_0134_0120,sft_train,symbol_transform,direct_template_template0134,single_phase_synthetic_direct_template
st_single_phase_direct_template_0134_0121,grpo_holdout,symbol_transform,direct_template_template0134,single_phase_synthetic_direct_template
st_single_phase_direct_template_0134_0122,sft_train,symbol_transform,direct_template_template0134,single_phase_synthetic_direct_template
st_single_phase_direct_template_0134_0123,sft_train,symbol_transform,direct_template_template0134,single_phase_synthetic_direct_template
st_single_phase_direct_template_0134_0124,sft_train,symbol_transform,direct_template_template0134,single_phase_synthetic_direct_template
st_single_phase_direct_template_0134_0125,sft_train,symbol_transform,direct_template_template0134,single_phase_synthetic_direct_template
st_single_phase_direct_template_0134_0126,sft_train,symbol_transform,direct_template_template0134,single_phase_synthetic_direct_template
st_single_phase_direct_template_0134_0127,sft_train,symbol_transform,direct_template_template0134,single_phase_synthetic_direct_template
st_single_phase_direct_template_0134_0128,sft_train,symbol_transform,direct_template_template0134,single_phase_synthetic_direct_template
st_single_phase_direct_template_0134_0129,sft_train,symbol_transform,direct_template_template0134,single_phase_synthetic_direct_template
st_single_phase_direct_template_0134_0130,sft_train,symbol_transform,direct_template_template0134,single_phase_synthetic_direct_template
st_single_phase_direct_template_0134_0131,sft_train,symbol_transform,direct_template_template0134,single_phase_synthetic_direct_template
st_single_phase_direct_template_0134_0132,sft_train,symbol_transform,direct_template_template0134,single_phase_synthetic_direct_template
st_single_phase_direct_template_0134_0133,sft_train,symbol_transform,direct_template_template0134,single_phase_synthetic_direct_template
st_single_phase_direct_template_0134_0134,sft_train,symbol_transform,direct_template_template0134,single_phase_synthetic_direct_template
st_single_phase_direct_template_0134_0135,sft_train,symbol_transform,direct_template_template0134,single_phase_synthetic_direct_template
st_single_phase_direct_template_0134_0136,sft_train,symbol_transform,direct_template_template0134,single_phase_synthetic_direct_template
st_single_phase_direct_template_0134_0137,eval_holdout,symbol_transform,direct_template_template0134,single_phase_synthetic_direct_template
st_single_phase_direct_template_0134_0138,grpo_holdout,symbol_transform,direct_template_template0134,single_phase_synthetic_direct_template
st_single_phase_direct_template_0134_0139,sft_train,symbol_transform,direct_template_template0134,single_phase_synthetic_direct_template
st_single_phase_direct_template_0134_0140,sft_train,symbol_transform,direct_template_template0134,single_phase_synthetic_direct_template
st_single_phase_direct_template_0134_0141,sft_train,symbol_transform,direct_template_template0134,single_phase_synthetic_direct_template
st_single_phase_direct_template_0134_0142,sft_train,symbol_transform,direct_template_template0134,single_phase_synthetic_direct_template
st_single_phase_direct_template_0134_0143,sft_train,symbol_transform,direct_template_template0134,single_phase_synthetic_direct_template
st_single_phase_direct_template_0134_0144,sft_train,symbol_transform,direct_template_template0134,single_phase_synthetic_direct_template
st_single_phase_direct_template_0134_0145,sft_train,symbol_transform,direct_template_template0134,single_phase_synthetic_direct_template
st_single_phase_direct_template_0134_0146,grpo_holdout,symbol_transform,direct_template_template0134,single_phase_synthetic_direct_template
st_single_phase_direct_template_0134_0147,grpo_holdout,symbol_transform,direct_template_template0134,single_phase_synthetic_direct_template
st_single_phase_direct_template_0134_0148,sft_train,symbol_transform,direct_template_template0134,single_phase_synthetic_direct_template
st_single_phase_direct_template_0134_0149,sft_train,symbol_transform,direct_template_template0134,single_phase_synthetic_direct_template
st_single_phase_direct_template_0134_0150,sft_train,symbol_transform,direct_template_template0134,single_phase_synthetic_direct_template
st_single_phase_direct_template_0134_0151,sft_train,symbol_transform,direct_template_template0134,single_phase_synthetic_direct_template
st_single_phase_direct_template_0134_0152,sft_train,symbol_transform,direct_template_template0134,single_phase_synthetic_direct_template
st_single_phase_direct_template_0134_0153,sft_train,symbol_transform,direct_template_template0134,single_phase_synthetic_direct_template
st_single_phase_direct_template_0134_0154,sft_train,symbol_transform,direct_template_template0134,single_phase_synthetic_direct_template
st_single_phase_direct_template_0134_0155,sft_train,symbol_transform,direct_template_template0134,single_phase_synthetic_direct_template
st_single_phase_direct_template_0134_0156,sft_train,symbol_transform,direct_template_template0134,single_phase_synthetic_direct_template
st_single_phase_direct_template_0134_0157,sft_train,symbol_transform,direct_template_template0134,single_phase_synthetic_direct_template
st_single_phase_direct_template_0134_0158,sft_train,symbol_transform,direct_template_template0134,single_phase_synthetic_direct_template
st_single_phase_direct_template_0134_0159,sft_train,symbol_transform,direct_template_template0134,single_phase_synthetic_direct_template
st_single_phase_direct_template_0134_0160,sft_train,symbol_transform,direct_template_template0134,single_phase_synthetic_direct_template
st_single_phase_direct_template_0134_0161,sft_train,symbol_transform,direct_template_template0134,single_phase_synthetic_direct_template
st_single_phase_direct_template_0134_0162,sft_train,symbol_transform,direct_template_template0134,single_phase_synthetic_direct_template
st_single_phase_direct_template_0134_0163,sft_train,symbol_transform,direct_template_template0134,single_phase_synthetic_direct_template
st_single_phase_direct_template_0134_0164,sft_train,symbol_transform,direct_template_template0134,single_phase_synthetic_direct_template
st_single_phase_direct_template_0134_0165,eval_holdout,symbol_transform,direct_template_template0134,single_phase_synthetic_direct_template
st_single_phase_direct_template_0134_0166,sft_train,symbol_transform,direct_template_template0134,single_phase_synthetic_direct_template
st_single_phase_direct_template_0134_0167,eval_holdout,symbol_transform,direct_template_template0134,single_phase_synthetic_direct_template
st_single_phase_direct_template_0134_0168,grpo_holdout,symbol_transform,direct_template_template0134,single_phase_synthetic_direct_template
st_single_phase_direct_template_0134_0169,sft_train,symbol_transform,direct_template_template0134,single_phase_synthetic_direct_template
st_single_phase_direct_template_0134_0170,sft_train,symbol_transform,direct_template_template0134,single_phase_synthetic_direct_template
st_single_phase_direct_template_0134_0171,sft_train,symbol_transform,direct_template_template0134,single_phase_synthetic_direct_template
st_single_phase_direct_template_0134_0172,eval_holdout,symbol_transform,direct_template_template0134,single_phase_synthetic_direct_template
st_single_phase_direct_template_0134_0173,sft_train,symbol_transform,direct_template_template0134,single_phase_synthetic_direct_template
st_single_phase_direct_template_0134_0174,sft_train,symbol_transform,direct_template_template0134,single_phase_synthetic_direct_template
st_single_phase_direct_template_0134_0175,sft_train,symbol_transform,direct_template_template0134,single_phase_synthetic_direct_template
st_single_phase_direct_template_0134_0176,sft_train,symbol_transform,direct_template_template0134,single_phase_synthetic_direct_template
st_single_phase_direct_template_0134_0177,sft_train,symbol_transform,direct_template_template0134,single_phase_synthetic_direct_template
st_single_phase_direct_template_0134_0178,sft_train,symbol_transform,direct_template_template0134,single_phase_synthetic_direct_template
st_single_phase_direct_template_0134_0179,sft_train,symbol_transform,direct_template_template0134,single_phase_synthetic_direct_template
st_single_phase_direct_template_0134_0180,sft_train,symbol_transform,direct_template_template0134,single_phase_synthetic_direct_template
st_single_phase_direct_template_0134_0181,sft_train,symbol_transform,direct_template_template0134,single_phase_synthetic_direct_template
st_single_phase_direct_template_0134_0182,sft_train,symbol_transform,direct_template_template0134,single_phase_synthetic_direct_template
st_single_phase_direct_template_0134_0183,sft_train,symbol_transform,direct_template_template0134,single_phase_synthetic_direct_template
st_single_phase_direct_template_0134_0184,sft_train,symbol_transform,direct_template_template0134,single_phase_synthetic_direct_template
st_single_phase_direct_template_0134_0185,grpo_holdout,symbol_transform,direct_template_template0134,single_phase_synthetic_direct_template
st_single_phase_direct_template_0134_0186,grpo_holdout,symbol_transform,direct_template_template0134,single_phase_synthetic_direct_template
st_single_phase_direct_template_0134_0187,sft_train,symbol_transform,direct_template_template0134,single_phase_synthetic_direct_template
st_single_phase_direct_template_0134_0188,sft_train,symbol_transform,direct_template_template0134,single_phase_synthetic_direct_template
st_single_phase_direct_template_0134_0189,sft_train,symbol_transform,direct_template_template0134,single_phase_synthetic_direct_template
st_single_phase_direct_template_0134_0190,sft_train,symbol_transform,direct_template_template0134,single_phase_synthetic_direct_template
st_single_phase_direct_template_0134_0191,eval_holdout,symbol_transform,direct_template_template0134,single_phase_synthetic_direct_template
st_single_phase_direct_template_0134_0192,sft_train,symbol_transform,direct_template_template0134,single_phase_synthetic_direct_template
st_single_phase_direct_template_0134_0193,sft_train,symbol_transform,direct_template_template0134,single_phase_synthetic_direct_template
st_single_phase_direct_template_0134_0194,sft_train,symbol_transform,direct_template_template0134,single_phase_synthetic_direct_template
st_single_phase_direct_template_0134_0195,sft_train,symbol_transform,direct_template_template0134,single_phase_synthetic_direct_template
st_single_phase_direct_template_0134_0196,sft_train,symbol_transform,direct_template_template0134,single_phase_synthetic_direct_template
st_single_phase_direct_template_0134_0197,sft_train,symbol_transform,direct_template_template0134,single_phase_synthetic_direct_template
st_single_phase_direct_template_0134_0198,sft_train,symbol_transform,direct_template_template0134,single_phase_synthetic_direct_template
st_single_phase_direct_template_0134_0199,sft_train,symbol_transform,direct_template_template0134,single_phase_synthetic_direct_template
st_single_phase_direct_template_0134_0200,grpo_holdout,symbol_transform,direct_template_template0134,single_phase_synthetic_direct_template
st_single_phase_direct_template_0134_0201,sft_train,symbol_transform,direct_template_template0134,single_phase_synthetic_direct_template
st_single_phase_direct_template_0134_0202,eval_holdout,symbol_transform,direct_template_template0134,single_phase_synthetic_direct_template
st_single_phase_direct_template_0134_0203,sft_train,symbol_transform,direct_template_template0134,single_phase_synthetic_direct_template
st_single_phase_direct_template_0134_0204,sft_train,symbol_transform,direct_template_template0134,single_phase_synthetic_direct_template
st_single_phase_direct_template_0134_0205,eval_holdout,symbol_transform,direct_template_template0134,single_phase_synthetic_direct_template
st_single_phase_direct_template_0134_0206,grpo_holdout,symbol_transform,direct_template_template0134,single_phase_synthetic_direct_template
st_single_phase_direct_template_0134_0207,sft_train,symbol_transform,direct_template_template0134,single_phase_synthetic_direct_template
st_single_phase_direct_template_0134_0208,sft_train,symbol_transform,direct_template_template0134,single_phase_synthetic_direct_template
st_single_phase_direct_template_0134_0209,sft_train,symbol_transform,direct_template_template0134,single_phase_synthetic_direct_template
st_single_phase_direct_template_0134_0210,grpo_holdout,symbol_transform,direct_template_template0134,single_phase_synthetic_direct_template
st_single_phase_direct_template_0134_0211,eval_holdout,symbol_transform,direct_template_template0134,single_phase_synthetic_direct_template
st_single_phase_direct_template_0134_0212,sft_train,symbol_transform,direct_template_template0134,single_phase_synthetic_direct_template
st_single_phase_direct_template_0134_0213,sft_train,symbol_transform,direct_template_template0134,single_phase_synthetic_direct_template
st_single_phase_direct_template_0134_0214,sft_train,symbol_transform,direct_template_template0134,single_phase_synthetic_direct_template
st_single_phase_direct_template_0134_0215,sft_train,symbol_transform,direct_template_template0134,single_phase_synthetic_direct_template
st_single_phase_direct_template_0134_0216,sft_train,symbol_transform,direct_template_template0134,single_phase_synthetic_direct_template
st_single_phase_direct_template_0134_0217,grpo_holdout,symbol_transform,direct_template_template0134,single_phase_synthetic_direct_template
st_single_phase_direct_template_0134_0218,sft_train,symbol_transform,direct_template_template0134,single_phase_synthetic_direct_template
st_single_phase_direct_template_0134_0219,sft_train,symbol_transform,direct_template_template0134,single_phase_synthetic_direct_template
st_single_phase_direct_template_0134_0220,sft_train,symbol_transform,direct_template_template0134,single_phase_synthetic_direct_template
st_single_phase_direct_template_0134_0221,sft_train,symbol_transform,direct_template_template0134,single_phase_synthetic_direct_template
st_single_phase_direct_template_0134_0222,sft_train,symbol_transform,direct_template_template0134,single_phase_synthetic_direct_template
st_single_phase_direct_template_0134_0223,sft_train,symbol_transform,direct_template_template0134,single_phase_synthetic_direct_template
st_single_phase_direct_template_3401_0000,eval_holdout,symbol_transform,direct_template_template3401,single_phase_synthetic_direct_template
st_single_phase_direct_template_3401_0001,sft_train,symbol_transform,direct_template_template3401,single_phase_synthetic_direct_template
st_single_phase_direct_template_3401_0002,sft_train,symbol_transform,direct_template_template3401,single_phase_synthetic_direct_template
st_single_phase_direct_template_3401_0003,grpo_holdout,symbol_transform,direct_template_template3401,single_phase_synthetic_direct_template
st_single_phase_direct_template_3401_0004,sft_train,symbol_transform,direct_template_template3401,single_phase_synthetic_direct_template
st_single_phase_direct_template_3401_0005,grpo_holdout,symbol_transform,direct_template_template3401,single_phase_synthetic_direct_template
st_single_phase_direct_template_3401_0006,sft_train,symbol_transform,direct_template_template3401,single_phase_synthetic_direct_template
st_single_phase_direct_template_3401_0007,sft_train,symbol_transform,direct_template_template3401,single_phase_synthetic_direct_template
st_single_phase_direct_template_3401_0008,sft_train,symbol_transform,direct_template_template3401,single_phase_synthetic_direct_template
st_single_phase_direct_template_3401_0009,grpo_holdout,symbol_transform,direct_template_template3401,single_phase_synthetic_direct_template
st_single_phase_direct_template_3401_0010,sft_train,symbol_transform,direct_template_template3401,single_phase_synthetic_direct_template
st_single_phase_direct_template_3401_0011,sft_train,symbol_transform,direct_template_template3401,single_phase_synthetic_direct_template
st_single_phase_direct_template_3401_0012,sft_train,symbol_transform,direct_template_template3401,single_phase_synthetic_direct_template
st_single_phase_direct_template_3401_0013,eval_holdout,symbol_transform,direct_template_template3401,single_phase_synthetic_direct_template
st_single_phase_direct_template_3401_0014,sft_train,symbol_transform,direct_template_template3401,single_phase_synthetic_direct_template
st_single_phase_direct_template_3401_0015,sft_train,symbol_transform,direct_template_template3401,single_phase_synthetic_direct_template
st_single_phase_direct_template_3401_0016,sft_train,symbol_transform,direct_template_template3401,single_phase_synthetic_direct_template
st_single_phase_direct_template_3401_0017,sft_train,symbol_transform,direct_template_template3401,single_phase_synthetic_direct_template
st_single_phase_direct_template_3401_0018,eval_holdout,symbol_transform,direct_template_template3401,single_phase_synthetic_direct_template
st_single_phase_direct_template_3401_0019,sft_train,symbol_transform,direct_template_template3401,single_phase_synthetic_direct_template
st_single_phase_direct_template_3401_0020,sft_train,symbol_transform,direct_template_template3401,single_phase_synthetic_direct_template
st_single_phase_direct_template_3401_0021,sft_train,symbol_transform,direct_template_template3401,single_phase_synthetic_direct_template
st_single_phase_direct_template_3401_0022,sft_train,symbol_transform,direct_template_template3401,single_phase_synthetic_direct_template
st_single_phase_direct_template_3401_0023,sft_train,symbol_transform,direct_template_template3401,single_phase_synthetic_direct_template
st_single_phase_direct_template_3401_0024,eval_holdout,symbol_transform,direct_template_template3401,single_phase_synthetic_direct_template
st_single_phase_direct_template_3401_0025,sft_train,symbol_transform,direct_template_template3401,single_phase_synthetic_direct_template
st_single_phase_direct_template_3401_0026,sft_train,symbol_transform,direct_template_template3401,single_phase_synthetic_direct_template
st_single_phase_direct_template_3401_0027,sft_train,symbol_transform,direct_template_template3401,single_phase_synthetic_direct_template
st_single_phase_direct_template_3401_0028,sft_train,symbol_transform,direct_template_template3401,single_phase_synthetic_direct_template
st_single_phase_direct_template_3401_0029,sft_train,symbol_transform,direct_template_template3401,single_phase_synthetic_direct_template
st_single_phase_direct_template_3401_0030,sft_train,symbol_transform,direct_template_template3401,single_phase_synthetic_direct_template
st_single_phase_direct_template_3401_0031,grpo_holdout,symbol_transform,direct_template_template3401,single_phase_synthetic_direct_template
st_single_phase_direct_template_3401_0032,sft_train,symbol_transform,direct_template_template3401,single_phase_synthetic_direct_template
st_single_phase_direct_template_3401_0033,sft_train,symbol_transform,direct_template_template3401,single_phase_synthetic_direct_template
st_single_phase_direct_template_3401_0034,sft_train,symbol_transform,direct_template_template3401,single_phase_synthetic_direct_template
st_single_phase_direct_template_3401_0035,sft_train,symbol_transform,direct_template_template3401,single_phase_synthetic_direct_template
st_single_phase_direct_template_3401_0036,sft_train,symbol_transform,direct_template_template3401,single_phase_synthetic_direct_template
st_single_phase_direct_template_3401_0037,sft_train,symbol_transform,direct_template_template3401,single_phase_synthetic_direct_template
st_single_phase_direct_template_3401_0038,sft_train,symbol_transform,direct_template_template3401,single_phase_synthetic_direct_template
st_single_phase_direct_template_3401_0039,sft_train,symbol_transform,direct_template_template3401,single_phase_synthetic_direct_template
st_single_phase_direct_template_3401_0040,sft_train,symbol_transform,direct_template_template3401,single_phase_synthetic_direct_template
st_single_phase_direct_template_3401_0041,sft_train,symbol_transform,direct_template_template3401,single_phase_synthetic_direct_template
st_single_phase_direct_template_3401_0042,sft_train,symbol_transform,direct_template_template3401,single_phase_synthetic_direct_template
st_single_phase_direct_template_3401_0043,sft_train,symbol_transform,direct_template_template3401,single_phase_synthetic_direct_template
st_single_phase_direct_template_3401_0044,sft_train,symbol_transform,direct_template_template3401,single_phase_synthetic_direct_template
st_single_phase_direct_template_3401_0045,sft_train,symbol_transform,direct_template_template3401,single_phase_synthetic_direct_template
st_single_phase_direct_template_3401_0046,sft_train,symbol_transform,direct_template_template3401,single_phase_synthetic_direct_template
st_single_phase_direct_template_3401_0047,sft_train,symbol_transform,direct_template_template3401,single_phase_synthetic_direct_template
st_single_phase_direct_template_3401_0048,sft_train,symbol_transform,direct_template_template3401,single_phase_synthetic_direct_template
st_single_phase_direct_template_3401_0049,eval_holdout,symbol_transform,direct_template_template3401,single_phase_synthetic_direct_template
st_single_phase_direct_template_3401_0050,sft_train,symbol_transform,direct_template_template3401,single_phase_synthetic_direct_template
st_single_phase_direct_template_3401_0051,eval_holdout,symbol_transform,direct_template_template3401,single_phase_synthetic_direct_template
st_single_phase_direct_template_3401_0052,sft_train,symbol_transform,direct_template_template3401,single_phase_synthetic_direct_template
st_single_phase_direct_template_3401_0053,grpo_holdout,symbol_transform,direct_template_template3401,single_phase_synthetic_direct_template
st_single_phase_direct_template_3401_0054,sft_train,symbol_transform,direct_template_template3401,single_phase_synthetic_direct_template
st_single_phase_direct_template_3401_0055,sft_train,symbol_transform,direct_template_template3401,single_phase_synthetic_direct_template
st_single_phase_direct_template_3401_0056,sft_train,symbol_transform,direct_template_template3401,single_phase_synthetic_direct_template
st_single_phase_direct_template_3401_0057,sft_train,symbol_transform,direct_template_template3401,single_phase_synthetic_direct_template
st_single_phase_direct_template_3401_0058,grpo_holdout,symbol_transform,direct_template_template3401,single_phase_synthetic_direct_template
st_single_phase_direct_template_3401_0059,sft_train,symbol_transform,direct_template_template3401,single_phase_synthetic_direct_template
st_single_phase_direct_template_3401_0060,grpo_holdout,symbol_transform,direct_template_template3401,single_phase_synthetic_direct_template
st_single_phase_direct_template_3401_0061,sft_train,symbol_transform,direct_template_template3401,single_phase_synthetic_direct_template
st_single_phase_direct_template_3401_0062,sft_train,symbol_transform,direct_template_template3401,single_phase_synthetic_direct_template
st_single_phase_direct_template_3401_0063,eval_holdout,symbol_transform,direct_template_template3401,single_phase_synthetic_direct_template
st_single_phase_direct_template_3401_0064,sft_train,symbol_transform,direct_template_template3401,single_phase_synthetic_direct_template
st_single_phase_direct_template_3401_0065,sft_train,symbol_transform,direct_template_template3401,single_phase_synthetic_direct_template
st_single_phase_direct_template_3401_0066,sft_train,symbol_transform,direct_template_template3401,single_phase_synthetic_direct_template
st_single_phase_direct_template_3401_0067,sft_train,symbol_transform,direct_template_template3401,single_phase_synthetic_direct_template
st_single_phase_direct_template_3401_0068,sft_train,symbol_transform,direct_template_template3401,single_phase_synthetic_direct_template
st_single_phase_direct_template_3401_0069,sft_train,symbol_transform,direct_template_template3401,single_phase_synthetic_direct_template
st_single_phase_direct_template_3401_0070,sft_train,symbol_transform,direct_template_template3401,single_phase_synthetic_direct_template
st_single_phase_direct_template_3401_0071,sft_train,symbol_transform,direct_template_template3401,single_phase_synthetic_direct_template
st_single_phase_direct_template_3401_0072,sft_train,symbol_transform,direct_template_template3401,single_phase_synthetic_direct_template
st_single_phase_direct_template_3401_0073,grpo_holdout,symbol_transform,direct_template_template3401,single_phase_synthetic_direct_template
st_single_phase_direct_template_3401_0074,sft_train,symbol_transform,direct_template_template3401,single_phase_synthetic_direct_template
st_single_phase_direct_template_3401_0075,sft_train,symbol_transform,direct_template_template3401,single_phase_synthetic_direct_template
st_single_phase_direct_template_3401_0076,sft_train,symbol_transform,direct_template_template3401,single_phase_synthetic_direct_template
st_single_phase_direct_template_3401_0077,sft_train,symbol_transform,direct_template_template3401,single_phase_synthetic_direct_template
st_single_phase_direct_template_3401_0078,grpo_holdout,symbol_transform,direct_template_template3401,single_phase_synthetic_direct_template
st_single_phase_direct_template_3401_0079,sft_train,symbol_transform,direct_template_template3401,single_phase_synthetic_direct_template
st_single_phase_direct_template_3401_0080,grpo_holdout,symbol_transform,direct_template_template3401,single_phase_synthetic_direct_template
st_single_phase_direct_template_3401_0081,sft_train,symbol_transform,direct_template_template3401,single_phase_synthetic_direct_template
st_single_phase_direct_template_3401_0082,sft_train,symbol_transform,direct_template_template3401,single_phase_synthetic_direct_template
st_single_phase_direct_template_3401_0083,eval_holdout,symbol_transform,direct_template_template3401,single_phase_synthetic_direct_template
st_single_phase_direct_template_3401_0084,sft_train,symbol_transform,direct_template_template3401,single_phase_synthetic_direct_template
st_single_phase_direct_template_3401_0085,sft_train,symbol_transform,direct_template_template3401,single_phase_synthetic_direct_template
st_single_phase_direct_template_3401_0086,sft_train,symbol_transform,direct_template_template3401,single_phase_synthetic_direct_template
st_single_phase_direct_template_3401_0087,sft_train,symbol_transform,direct_template_template3401,single_phase_synthetic_direct_template
st_single_phase_direct_template_3401_0088,sft_train,symbol_transform,direct_template_template3401,single_phase_synthetic_direct_template
st_single_phase_direct_template_3401_0089,eval_holdout,symbol_transform,direct_template_template3401,single_phase_synthetic_direct_template
st_single_phase_direct_template_3401_0090,sft_train,symbol_transform,direct_template_template3401,single_phase_synthetic_direct_template
st_single_phase_direct_template_3401_0091,sft_train,symbol_transform,direct_template_template3401,single_phase_synthetic_direct_template
st_single_phase_direct_template_3401_0092,sft_train,symbol_transform,direct_template_template3401,single_phase_synthetic_direct_template
st_single_phase_direct_template_3401_0093,sft_train,symbol_transform,direct_template_template3401,single_phase_synthetic_direct_template
st_single_phase_direct_template_3401_0094,sft_train,symbol_transform,direct_template_template3401,single_phase_synthetic_direct_template
st_single_phase_direct_template_3401_0095,sft_train,symbol_transform,direct_template_template3401,single_phase_synthetic_direct_template
st_single_phase_direct_template_3401_0096,sft_train,symbol_transform,direct_template_template3401,single_phase_synthetic_direct_template
st_single_phase_direct_template_3401_0097,sft_train,symbol_transform,direct_template_template3401,single_phase_synthetic_direct_template
st_single_phase_direct_template_3401_0098,eval_holdout,symbol_transform,direct_template_template3401,single_phase_synthetic_direct_template
st_single_phase_direct_template_3401_0099,sft_train,symbol_transform,direct_template_template3401,single_phase_synthetic_direct_template
st_single_phase_direct_template_3401_0100,sft_train,symbol_transform,direct_template_template3401,single_phase_synthetic_direct_template
